{
  "loss": [
    3.3972220420837402,
    3.2145795822143555,
    2.989330768585205,
    2.665027618408203,
    2.4518706798553467,
    2.2654051780700684,
    2.14585542678833,
    1.6265100240707397,
    1.6970241069793701,
    1.6915334463119507,
    1.515810489654541,
    1.2833315134048462,
    1.323948860168457,
    1.114811897277832,
    0.9220616221427917,
    1.0834711790084839,
    1.135906457901001,
    0.871679425239563,
    0.6327623128890991,
    0.619504988193512,
    0.6130315065383911,
    0.6799981594085693,
    0.5960919260978699,
    0.5704542994499207,
    0.5656377077102661,
    0.5060999989509583,
    0.8879696726799011,
    0.60532546043396,
    0.5994481444358826,
    0.5729478001594543,
    0.623575747013092,
    0.5706377029418945,
    0.2946803867816925,
    0.431229829788208,
    0.4843710660934448,
    0.4928807020187378,
    0.49440115690231323,
    0.3057463765144348,
    0.37092384696006775,
    0.2686275541782379,
    0.19170966744422913,
    0.4052581191062927,
    0.39807695150375366,
    0.22505341470241547,
    0.22412358224391937,
    0.28534454107284546,
    0.18856610357761383,
    0.26018428802490234,
    0.33923017978668213,
    0.25258296728134155,
    0.20087304711341858,
    0.23423531651496887,
    0.11768548935651779,
    0.16423417627811432,
    0.20277222990989685,
    0.15376465022563934,
    0.14328087866306305,
    0.2472885698080063,
    0.0918516144156456,
    0.0998438373208046,
    0.12574610114097595,
    0.17606042325496674,
    0.09221431612968445,
    0.16900299489498138,
    0.09980019927024841,
    0.348903089761734,
    0.4910695552825928,
    0.19193263351917267,
    0.09811544418334961,
    0.08465267717838287,
    0.1303204894065857,
    0.09742771089076996,
    0.08936405181884766,
    0.11951526254415512,
    0.06393401324748993,
    0.1105969101190567,
    0.08306270837783813,
    0.14202310144901276,
    0.06810496747493744,
    0.07927311211824417,
    0.1096004769206047,
    0.09736312925815582,
    0.07625717669725418,
    0.06870915740728378,
    0.04850687459111214,
    0.13419759273529053,
    0.13424167037010193,
    0.0979006439447403,
    0.08784428238868713,
    0.03323495015501976,
    0.029176268726587296,
    0.04723477363586426,
    0.12750014662742615,
    0.06770062446594238,
    0.08280888199806213,
    0.036418162286281586,
    0.06293516606092453,
    0.0476735383272171,
    0.01803726702928543,
    0.06952276825904846
  ],
  "val_loss": [
    3.373840808868408,
    3.2388997077941895,
    3.0750246047973633,
    2.828036308288574,
    2.6520230770111084,
    2.4201602935791016,
    2.2925407886505127,
    2.0678582191467285,
    2.0053555965423584,
    2.014174222946167,
    1.8832676410675049,
    1.746868371963501,
    1.7497166395187378,
    1.7395672798156738,
    1.5772846937179565,
    1.6147600412368774,
    1.5705788135528564,
    1.4719841480255127,
    1.46794855594635,
    1.4791147708892822,
    1.5170155763626099,
    1.3747342824935913,
    1.4423943758010864,
    1.3573611974716187,
    1.4108728170394897,
    1.4070355892181396,
    1.3441219329833984,
    1.3048720359802246,
    1.4552459716796875,
    1.3330659866333008,
    1.2229551076889038,
    1.302413821220398,
    1.396799921989441,
    1.2948215007781982,
    1.2807072401046753,
    1.2759342193603516,
    1.2134194374084473,
    1.3148709535598755,
    1.3085904121398926,
    1.2432013750076294,
    1.2517619132995605,
    1.320074439048767,
    1.2096478939056396,
    1.3270679712295532,
    1.257574200630188,
    1.2543622255325317,
    1.2263219356536865,
    1.3136191368103027,
    1.303489089012146,
    1.321702480316162,
    1.2180309295654297,
    1.3093479871749878,
    1.3007667064666748,
    1.2553547620773315,
    1.3974392414093018,
    1.291421890258789,
    1.2844817638397217,
    1.3270721435546875,
    1.2692898511886597,
    1.2342942953109741,
    1.3064017295837402,
    1.292583703994751,
    1.329797625541687,
    1.2601854801177979,
    1.2110075950622559,
    1.2771824598312378,
    1.2967078685760498,
    1.3889213800430298,
    1.2431219816207886,
    1.3645823001861572,
    1.2440897226333618,
    1.2671688795089722,
    1.3326562643051147,
    1.2705892324447632,
    1.358148455619812,
    1.2379103899002075,
    1.3352323770523071,
    1.3731000423431396,
    1.3616721630096436,
    1.288102388381958,
    1.4401248693466187,
    1.3309861421585083,
    1.3335840702056885,
    1.2367039918899536,
    1.366306185722351,
    1.2922009229660034,
    1.3791759014129639,
    1.327140212059021,
    1.4060187339782715,
    1.3099114894866943,
    1.3723880052566528,
    1.2985851764678955,
    1.3445978164672852,
    1.2864271402359009,
    1.4660873413085938,
    1.3262051343917847,
    1.3984558582305908,
    1.3773940801620483,
    1.430120825767517,
    1.4062001705169678
  ],
  "accuracy": [
    0.11784511784511785,
    0.18518518518518517,
    0.21885521885521886,
    0.3771043771043771,
    0.367003367003367,
    0.36363636363636365,
    0.47474747474747475,
    0.4377104377104377,
    0.5420875420875421,
    0.49158249158249157,
    0.5723905723905723,
    0.5185185185185185,
    0.5420875420875421,
    0.5723905723905723,
    0.5858585858585859,
    0.6094276094276094,
    0.6161616161616161,
    0.5993265993265994,
    0.5959595959595959,
    0.5959595959595959,
    0.5892255892255892,
    0.6296296296296297,
    0.6262626262626263,
    0.622895622895623,
    0.6464646464646465,
    0.6565656565656566,
    0.6363636363636364,
    0.6296296296296297,
    0.622895622895623,
    0.6363636363636364,
    0.6531986531986532,
    0.632996632996633,
    0.632996632996633,
    0.6397306397306397,
    0.6531986531986532,
    0.632996632996633,
    0.6632996632996633,
    0.6498316498316499,
    0.6565656565656566,
    0.67003367003367,
    0.6430976430976431,
    0.6498316498316499,
    0.6464646464646465,
    0.6498316498316499,
    0.6498316498316499,
    0.632996632996633,
    0.6666666666666666,
    0.6599326599326599,
    0.6531986531986532,
    0.6498316498316499,
    0.6531986531986532,
    0.6498316498316499,
    0.632996632996633,
    0.6498316498316499,
    0.6531986531986532,
    0.6363636363636364,
    0.6531986531986532,
    0.622895622895623,
    0.6498316498316499,
    0.6498316498316499,
    0.6531986531986532,
    0.6498316498316499,
    0.6599326599326599,
    0.6632996632996633,
    0.6599326599326599,
    0.6632996632996633,
    0.6363636363636364,
    0.6296296296296297,
    0.6430976430976431,
    0.632996632996633,
    0.6498316498316499,
    0.632996632996633,
    0.6430976430976431,
    0.6464646464646465,
    0.6464646464646465,
    0.6464646464646465,
    0.6363636363636364,
    0.6599326599326599,
    0.6498316498316499,
    0.6565656565656566,
    0.6363636363636364,
    0.6430976430976431,
    0.6531986531986532,
    0.6632996632996633,
    0.6464646464646465,
    0.6531986531986532,
    0.6498316498316499,
    0.632996632996633,
    0.6498316498316499,
    0.6498316498316499,
    0.6565656565656566,
    0.6531986531986532,
    0.6498316498316499,
    0.6632996632996633,
    0.6397306397306397,
    0.6464646464646465,
    0.6565656565656566,
    0.67003367003367,
    0.6430976430976431,
    0.6531986531986532
  ]
}